Itemset	day	sentiment
( 143, 19, 876)	0	54
( 143, 19, 876)	1	0
( 143, 19, 876)	2	-44
( 143, 19, 876)	3	-47
( 143, 19, 876)	4	0
( 143, 19, 876)	5	0
( 143, 19, 876)	6	0
( 655, 762, 944)	0	60
( 655, 762, 944)	1	0
( 655, 762, 944)	2	-48
( 655, 762, 944)	3	0
( 655, 762, 944)	4	31
( 655, 762, 944)	5	0
( 655, 762, 944)	6	0
( 962, 343, 961)	0	0
( 962, 343, 961)	1	-49
( 962, 343, 961)	2	0
( 962, 343, 961)	3	0
( 962, 343, 961)	4	0
( 962, 343, 961)	5	46
( 962, 343, 961)	6	0
( 101, 170, 908)	0	0
( 101, 170, 908)	1	-77
( 101, 170, 908)	2	0
( 101, 170, 908)	3	-42
( 101, 170, 908)	4	24
( 101, 170, 908)	5	0
( 101, 170, 908)	6	0
( 101, 170, 130)	0	0
( 101, 170, 130)	1	-79
( 101, 170, 130)	2	0
( 101, 170, 130)	3	-57
( 101, 170, 130)	4	30
( 101, 170, 130)	5	0
( 101, 170, 130)	6	0
( 101, 170, 693)	0	0
( 101, 170, 693)	1	-84
( 101, 170, 693)	2	0
( 101, 170, 693)	3	-45
( 101, 170, 693)	4	25
( 101, 170, 693)	5	0
( 101, 170, 693)	6	0
( 101, 908, 130)	0	0
( 101, 908, 130)	1	-78
( 101, 908, 130)	2	0
( 101, 908, 130)	3	-52
( 101, 908, 130)	4	24
( 101, 908, 130)	5	0
( 101, 908, 130)	6	0
( 101, 908, 693)	0	0
( 101, 908, 693)	1	-83
( 101, 908, 693)	2	0
( 101, 908, 693)	3	-40
( 101, 908, 693)	4	19
( 101, 908, 693)	5	0
( 101, 908, 693)	6	0
( 101, 130, 693)	0	0
( 101, 130, 693)	1	-85
( 101, 130, 693)	2	0
( 101, 130, 693)	3	-55
( 101, 130, 693)	4	25
( 101, 130, 693)	5	0
( 101, 130, 693)	6	0
( 170, 908, 130)	0	0
( 170, 908, 130)	1	-78
( 170, 908, 130)	2	0
( 170, 908, 130)	3	-62
( 170, 908, 130)	4	33
( 170, 908, 130)	5	0
( 170, 908, 130)	6	0
( 170, 908, 693)	0	0
( 170, 908, 693)	1	-83
( 170, 908, 693)	2	0
( 170, 908, 693)	3	-50
( 170, 908, 693)	4	28
( 170, 908, 693)	5	0
( 170, 908, 693)	6	0
( 170, 130, 693)	0	0
( 170, 130, 693)	1	-85
( 170, 130, 693)	2	0
( 170, 130, 693)	3	-65
( 170, 130, 693)	4	34
( 170, 130, 693)	5	0
( 170, 130, 693)	6	0
( 908, 130, 693)	0	0
( 908, 130, 693)	1	-84
( 908, 130, 693)	2	0
( 908, 130, 693)	3	-60
( 908, 130, 693)	4	28
( 908, 130, 693)	5	0
( 908, 130, 693)	6	0
( 50, 835, 561)	0	0
( 50, 835, 561)	1	0
( 50, 835, 561)	2	-48
( 50, 835, 561)	3	-39
( 50, 835, 561)	4	0
( 50, 835, 561)	5	28
( 50, 835, 561)	6	0
( 496, 102, 71)	0	0
( 496, 102, 71)	1	-23
( 496, 102, 71)	2	-48
( 496, 102, 71)	3	0
( 496, 102, 71)	4	0
( 496, 102, 71)	5	26
( 496, 102, 71)	6	0
( 50, 886, 129)	0	76
( 50, 886, 129)	1	-46
( 50, 886, 129)	2	0
( 50, 886, 129)	3	0
( 50, 886, 129)	4	0
( 50, 886, 129)	5	78
( 50, 886, 129)	6	0
( 50, 886, 498)	0	56
( 50, 886, 498)	1	-38
( 50, 886, 498)	2	0
( 50, 886, 498)	3	0
( 50, 886, 498)	4	0
( 50, 886, 498)	5	53
( 50, 886, 498)	6	0
( 50, 886, 296)	0	69
( 50, 886, 296)	1	-39
( 50, 886, 296)	2	0
( 50, 886, 296)	3	0
( 50, 886, 296)	4	0
( 50, 886, 296)	5	59
( 50, 886, 296)	6	0
( 50, 129, 498)	0	81
( 50, 129, 498)	1	-41
( 50, 129, 498)	2	0
( 50, 129, 498)	3	0
( 50, 129, 498)	4	0
( 50, 129, 498)	5	73
( 50, 129, 498)	6	0
( 50, 129, 296)	0	94
( 50, 129, 296)	1	-42
( 50, 129, 296)	2	0
( 50, 129, 296)	3	0
( 50, 129, 296)	4	0
( 50, 129, 296)	5	79
( 50, 129, 296)	6	0
( 50, 498, 296)	0	74
( 50, 498, 296)	1	-34
( 50, 498, 296)	2	0
( 50, 498, 296)	3	0
( 50, 498, 296)	4	0
( 50, 498, 296)	5	54
( 50, 498, 296)	6	0
( 886, 129, 498)	0	57
( 886, 129, 498)	1	-37
( 886, 129, 498)	2	0
( 886, 129, 498)	3	0
( 886, 129, 498)	4	0
( 886, 129, 498)	5	75
( 886, 129, 498)	6	0
( 886, 129, 296)	0	70
( 886, 129, 296)	1	-38
( 886, 129, 296)	2	0
( 886, 129, 296)	3	0
( 886, 129, 296)	4	0
( 886, 129, 296)	5	81
( 886, 129, 296)	6	0
( 886, 498, 296)	0	50
( 886, 498, 296)	1	-30
( 886, 498, 296)	2	0
( 886, 498, 296)	3	0
( 886, 498, 296)	4	0
( 886, 498, 296)	5	56
( 886, 498, 296)	6	0
( 129, 498, 296)	0	75
( 129, 498, 296)	1	-33
( 129, 498, 296)	2	0
( 129, 498, 296)	3	0
( 129, 498, 296)	4	0
( 129, 498, 296)	5	76
( 129, 498, 296)	6	0
( 200, 778, 527)	0	58
( 200, 778, 527)	1	0
( 200, 778, 527)	2	0
( 200, 778, 527)	3	0
( 200, 778, 527)	4	0
( 200, 778, 527)	5	0
( 200, 778, 527)	6	104
( 705, 685, 750)	0	73
( 705, 685, 750)	1	0
( 705, 685, 750)	2	0
( 705, 685, 750)	3	-29
( 705, 685, 750)	4	0
( 705, 685, 750)	5	0
( 705, 685, 750)	6	57
( 836, 363, 405)	0	0
( 836, 363, 405)	1	-41
( 836, 363, 405)	2	0
( 836, 363, 405)	3	0
( 836, 363, 405)	4	37
( 836, 363, 405)	5	0
( 836, 363, 405)	6	0
( 476, 29, 458)	0	98
( 476, 29, 458)	1	-48
( 476, 29, 458)	2	0
( 476, 29, 458)	3	-38
( 476, 29, 458)	4	0
( 476, 29, 458)	5	18
( 476, 29, 458)	6	0
( 476, 29, 512)	0	87
( 476, 29, 512)	1	-30
( 476, 29, 512)	2	0
( 476, 29, 512)	3	-46
( 476, 29, 512)	4	0
( 476, 29, 512)	5	13
( 476, 29, 512)	6	0
( 476, 458, 512)	0	88
( 476, 458, 512)	1	-41
( 476, 458, 512)	2	0
( 476, 458, 512)	3	-30
( 476, 458, 512)	4	0
( 476, 458, 512)	5	9
( 476, 458, 512)	6	0
( 29, 458, 512)	0	75
( 29, 458, 512)	1	-34
( 29, 458, 512)	2	0
( 29, 458, 512)	3	-30
( 29, 458, 512)	4	0
( 29, 458, 512)	5	11
( 29, 458, 512)	6	0
( 868, 62, 422)	0	0
( 868, 62, 422)	1	0
( 868, 62, 422)	2	-32
( 868, 62, 422)	3	0
( 868, 62, 422)	4	37
( 868, 62, 422)	5	0
( 868, 62, 422)	6	0
( 662, 203, 818)	0	0
( 662, 203, 818)	1	0
( 662, 203, 818)	2	-38
( 662, 203, 818)	3	0
( 662, 203, 818)	4	0
( 662, 203, 818)	5	11
( 662, 203, 818)	6	67
( 753, 468, 598)	0	0
( 753, 468, 598)	1	-36
( 753, 468, 598)	2	-73
( 753, 468, 598)	3	0
( 753, 468, 598)	4	0
( 753, 468, 598)	5	0
( 753, 468, 598)	6	61
( 753, 468, 852)	0	0
( 753, 468, 852)	1	-43
( 753, 468, 852)	2	-74
( 753, 468, 852)	3	0
( 753, 468, 852)	4	0
( 753, 468, 852)	5	0
( 753, 468, 852)	6	60
( 753, 598, 852)	0	0
( 753, 598, 852)	1	-45
( 753, 598, 852)	2	-75
( 753, 598, 852)	3	0
( 753, 598, 852)	4	0
( 753, 598, 852)	5	0
( 753, 598, 852)	6	77
( 468, 598, 852)	0	0
( 468, 598, 852)	1	-50
( 468, 598, 852)	2	-75
( 468, 598, 852)	3	0
( 468, 598, 852)	4	0
( 468, 598, 852)	5	0
( 468, 598, 852)	6	51
( 133, 24, 576)	0	60
( 133, 24, 576)	1	-46
( 133, 24, 576)	2	-34
( 133, 24, 576)	3	0
( 133, 24, 576)	4	0
( 133, 24, 576)	5	0
( 133, 24, 576)	6	0
( 62, 285, 841)	0	0
( 62, 285, 841)	1	0
( 62, 285, 841)	2	0
( 62, 285, 841)	3	-23
( 62, 285, 841)	4	18
( 62, 285, 841)	5	25
( 62, 285, 841)	6	0
( 27, 973, 215)	0	0
( 27, 973, 215)	1	0
( 27, 973, 215)	2	0
( 27, 973, 215)	3	0
( 27, 973, 215)	4	0
( 27, 973, 215)	5	47
( 27, 973, 215)	6	64
( 27, 973, 357)	0	0
( 27, 973, 357)	1	-35
( 27, 973, 357)	2	0
( 27, 973, 357)	3	-39
( 27, 973, 357)	4	0
( 27, 973, 357)	5	54
( 27, 973, 357)	6	69
( 27, 973, 3)	0	0
( 27, 973, 3)	1	-24
( 27, 973, 3)	2	0
( 27, 973, 3)	3	-48
( 27, 973, 3)	4	0
( 27, 973, 3)	5	48
( 27, 973, 3)	6	70
( 27, 973, 237)	0	0
( 27, 973, 237)	1	-32
( 27, 973, 237)	2	0
( 27, 973, 237)	3	-54
( 27, 973, 237)	4	0
( 27, 973, 237)	5	51
( 27, 973, 237)	6	63
( 27, 215, 357)	0	0
( 27, 215, 357)	1	0
( 27, 215, 357)	2	0
( 27, 215, 357)	3	0
( 27, 215, 357)	4	0
( 27, 215, 357)	5	46
( 27, 215, 357)	6	62
( 27, 215, 3)	0	0
( 27, 215, 3)	1	0
( 27, 215, 3)	2	0
( 27, 215, 3)	3	0
( 27, 215, 3)	4	0
( 27, 215, 3)	5	40
( 27, 215, 3)	6	63
( 27, 215, 237)	0	0
( 27, 215, 237)	1	0
( 27, 215, 237)	2	0
( 27, 215, 237)	3	0
( 27, 215, 237)	4	0
( 27, 215, 237)	5	43
( 27, 215, 237)	6	56
( 27, 357, 3)	0	0
( 27, 357, 3)	1	-31
( 27, 357, 3)	2	0
( 27, 357, 3)	3	-38
( 27, 357, 3)	4	0
( 27, 357, 3)	5	47
( 27, 357, 3)	6	68
( 27, 357, 237)	0	0
( 27, 357, 237)	1	-39
( 27, 357, 237)	2	0
( 27, 357, 237)	3	-44
( 27, 357, 237)	4	0
( 27, 357, 237)	5	50
( 27, 357, 237)	6	61
( 27, 3, 237)	0	0
( 27, 3, 237)	1	-28
( 27, 3, 237)	2	0
( 27, 3, 237)	3	-53
( 27, 3, 237)	4	0
( 27, 3, 237)	5	44
( 27, 3, 237)	6	62
( 973, 215, 357)	0	0
( 973, 215, 357)	1	0
( 973, 215, 357)	2	0
( 973, 215, 357)	3	0
( 973, 215, 357)	4	0
( 973, 215, 357)	5	54
( 973, 215, 357)	6	54
( 973, 215, 3)	0	0
( 973, 215, 3)	1	0
( 973, 215, 3)	2	0
( 973, 215, 3)	3	0
( 973, 215, 3)	4	0
( 973, 215, 3)	5	48
( 973, 215, 3)	6	55
( 973, 215, 237)	0	0
( 973, 215, 237)	1	0
( 973, 215, 237)	2	0
( 973, 215, 237)	3	0
( 973, 215, 237)	4	0
( 973, 215, 237)	5	51
( 973, 215, 237)	6	48
( 973, 357, 3)	0	0
( 973, 357, 3)	1	-36
( 973, 357, 3)	2	0
( 973, 357, 3)	3	-37
( 973, 357, 3)	4	0
( 973, 357, 3)	5	55
( 973, 357, 3)	6	60
( 973, 357, 237)	0	0
( 973, 357, 237)	1	-44
( 973, 357, 237)	2	0
( 973, 357, 237)	3	-43
( 973, 357, 237)	4	0
( 973, 357, 237)	5	58
( 973, 357, 237)	6	53
( 973, 3, 237)	0	0
( 973, 3, 237)	1	-33
( 973, 3, 237)	2	0
( 973, 3, 237)	3	-52
( 973, 3, 237)	4	0
( 973, 3, 237)	5	52
( 973, 3, 237)	6	54
( 215, 357, 3)	0	0
( 215, 357, 3)	1	0
( 215, 357, 3)	2	0
( 215, 357, 3)	3	0
( 215, 357, 3)	4	0
( 215, 357, 3)	5	47
( 215, 357, 3)	6	53
( 215, 357, 237)	0	0
( 215, 357, 237)	1	0
( 215, 357, 237)	2	0
( 215, 357, 237)	3	0
( 215, 357, 237)	4	0
( 215, 357, 237)	5	50
( 215, 357, 237)	6	46
( 215, 3, 237)	0	0
( 215, 3, 237)	1	0
( 215, 3, 237)	2	0
( 215, 3, 237)	3	0
( 215, 3, 237)	4	0
( 215, 3, 237)	5	59
( 215, 3, 237)	6	47
( 357, 3, 237)	0	0
( 357, 3, 237)	1	-40
( 357, 3, 237)	2	0
( 357, 3, 237)	3	-42
( 357, 3, 237)	4	0
( 357, 3, 237)	5	51
( 357, 3, 237)	6	52
( 112, 887, 769)	0	0
( 112, 887, 769)	1	-49
( 112, 887, 769)	2	-35
( 112, 887, 769)	3	-79
( 112, 887, 769)	4	0
( 112, 887, 769)	5	23
( 112, 887, 769)	6	0
( 112, 887, 503)	0	0
( 112, 887, 503)	1	-36
( 112, 887, 503)	2	-35
( 112, 887, 503)	3	-65
( 112, 887, 503)	4	0
( 112, 887, 503)	5	23
( 112, 887, 503)	6	0
( 112, 887, 94)	0	0
( 112, 887, 94)	1	-35
( 112, 887, 94)	2	-24
( 112, 887, 94)	3	-63
( 112, 887, 94)	4	0
( 112, 887, 94)	5	27
( 112, 887, 94)	6	0
( 112, 769, 503)	0	0
( 112, 769, 503)	1	-51
( 112, 769, 503)	2	-44
( 112, 769, 503)	3	-72
( 112, 769, 503)	4	0
( 112, 769, 503)	5	21
( 112, 769, 503)	6	0
( 112, 769, 94)	0	0
( 112, 769, 94)	1	-50
( 112, 769, 94)	2	-33
( 112, 769, 94)	3	-70
( 112, 769, 94)	4	0
( 112, 769, 94)	5	25
( 112, 769, 94)	6	0
( 112, 503, 94)	0	0
( 112, 503, 94)	1	-37
( 112, 503, 94)	2	-33
( 112, 503, 94)	3	-56
( 112, 503, 94)	4	0
( 112, 503, 94)	5	25
( 112, 503, 94)	6	0
( 887, 769, 503)	0	0
( 887, 769, 503)	1	-44
( 887, 769, 503)	2	-30
( 887, 769, 503)	3	-75
( 887, 769, 503)	4	0
( 887, 769, 503)	5	23
( 887, 769, 503)	6	0
( 887, 769, 94)	0	0
( 887, 769, 94)	1	-43
( 887, 769, 94)	2	-19
( 887, 769, 94)	3	-73
( 887, 769, 94)	4	0
( 887, 769, 94)	5	27
( 887, 769, 94)	6	0
( 887, 503, 94)	0	0
( 887, 503, 94)	1	-30
( 887, 503, 94)	2	-19
( 887, 503, 94)	3	-59
( 887, 503, 94)	4	0
( 887, 503, 94)	5	27
( 887, 503, 94)	6	0
( 769, 503, 94)	0	0
( 769, 503, 94)	1	-45
( 769, 503, 94)	2	-28
( 769, 503, 94)	3	-66
( 769, 503, 94)	4	0
( 769, 503, 94)	5	25
( 769, 503, 94)	6	0
( 330, 494, 597)	0	63
( 330, 494, 597)	1	0
( 330, 494, 597)	2	0
( 330, 494, 597)	3	-70
( 330, 494, 597)	4	36
( 330, 494, 597)	5	17
( 330, 494, 597)	6	0
( 330, 494, 337)	0	61
( 330, 494, 337)	1	0
( 330, 494, 337)	2	0
( 330, 494, 337)	3	-93
( 330, 494, 337)	4	22
( 330, 494, 337)	5	24
( 330, 494, 337)	6	0
( 330, 494, 354)	0	60
( 330, 494, 354)	1	0
( 330, 494, 354)	2	0
( 330, 494, 354)	3	-74
( 330, 494, 354)	4	30
( 330, 494, 354)	5	20
( 330, 494, 354)	6	0
( 330, 597, 337)	0	61
( 330, 597, 337)	1	0
( 330, 597, 337)	2	0
( 330, 597, 337)	3	-73
( 330, 597, 337)	4	25
( 330, 597, 337)	5	22
( 330, 597, 337)	6	0
( 330, 597, 354)	0	60
( 330, 597, 354)	1	0
( 330, 597, 354)	2	0
( 330, 597, 354)	3	-54
( 330, 597, 354)	4	33
( 330, 597, 354)	5	18
( 330, 597, 354)	6	0
( 330, 337, 354)	0	58
( 330, 337, 354)	1	0
( 330, 337, 354)	2	0
( 330, 337, 354)	3	-77
( 330, 337, 354)	4	19
( 330, 337, 354)	5	25
( 330, 337, 354)	6	0
( 494, 597, 337)	0	49
( 494, 597, 337)	1	0
( 494, 597, 337)	2	0
( 494, 597, 337)	3	-88
( 494, 597, 337)	4	28
( 494, 597, 337)	5	18
( 494, 597, 337)	6	0
( 494, 597, 354)	0	48
( 494, 597, 354)	1	0
( 494, 597, 354)	2	0
( 494, 597, 354)	3	-69
( 494, 597, 354)	4	36
( 494, 597, 354)	5	14
( 494, 597, 354)	6	0
( 494, 337, 354)	0	46
( 494, 337, 354)	1	0
( 494, 337, 354)	2	0
( 494, 337, 354)	3	-92
( 494, 337, 354)	4	22
( 494, 337, 354)	5	21
( 494, 337, 354)	6	0
( 597, 337, 354)	0	46
( 597, 337, 354)	1	0
( 597, 337, 354)	2	0
( 597, 337, 354)	3	-72
( 597, 337, 354)	4	25
( 597, 337, 354)	5	19
( 597, 337, 354)	6	0
( 294, 892, 125)	0	0
( 294, 892, 125)	1	-31
( 294, 892, 125)	2	0
( 294, 892, 125)	3	0
( 294, 892, 125)	4	0
( 294, 892, 125)	5	44
( 294, 892, 125)	6	0
( 419, 642, 952)	0	43
( 419, 642, 952)	1	-50
( 419, 642, 952)	2	0
( 419, 642, 952)	3	-53
( 419, 642, 952)	4	0
( 419, 642, 952)	5	45
( 419, 642, 952)	6	0
( 419, 642, 441)	0	52
( 419, 642, 441)	1	-34
( 419, 642, 441)	2	0
( 419, 642, 441)	3	-46
( 419, 642, 441)	4	0
( 419, 642, 441)	5	53
( 419, 642, 441)	6	0
( 419, 642, 899)	0	42
( 419, 642, 899)	1	-40
( 419, 642, 899)	2	0
( 419, 642, 899)	3	-44
( 419, 642, 899)	4	0
( 419, 642, 899)	5	42
( 419, 642, 899)	6	0
( 419, 952, 441)	0	56
( 419, 952, 441)	1	-36
( 419, 952, 441)	2	0
( 419, 952, 441)	3	-49
( 419, 952, 441)	4	0
( 419, 952, 441)	5	51
( 419, 952, 441)	6	0
( 419, 952, 899)	0	46
( 419, 952, 899)	1	-42
( 419, 952, 899)	2	0
( 419, 952, 899)	3	-47
( 419, 952, 899)	4	0
( 419, 952, 899)	5	40
( 419, 952, 899)	6	0
( 419, 441, 899)	0	55
( 419, 441, 899)	1	-26
( 419, 441, 899)	2	0
( 419, 441, 899)	3	-40
( 419, 441, 899)	4	0
( 419, 441, 899)	5	48
( 419, 441, 899)	6	0
( 642, 952, 441)	0	59
( 642, 952, 441)	1	-39
( 642, 952, 441)	2	0
( 642, 952, 441)	3	-47
( 642, 952, 441)	4	0
( 642, 952, 441)	5	46
( 642, 952, 441)	6	0
( 642, 952, 899)	0	49
( 642, 952, 899)	1	-45
( 642, 952, 899)	2	0
( 642, 952, 899)	3	-45
( 642, 952, 899)	4	0
( 642, 952, 899)	5	35
( 642, 952, 899)	6	0
( 642, 441, 899)	0	58
( 642, 441, 899)	1	-29
( 642, 441, 899)	2	0
( 642, 441, 899)	3	-38
( 642, 441, 899)	4	0
( 642, 441, 899)	5	43
( 642, 441, 899)	6	0
( 952, 441, 899)	0	62
( 952, 441, 899)	1	-31
( 952, 441, 899)	2	0
( 952, 441, 899)	3	-41
( 952, 441, 899)	4	0
( 952, 441, 899)	5	41
( 952, 441, 899)	6	0
( 949, 755, 828)	0	0
( 949, 755, 828)	1	0
( 949, 755, 828)	2	-32
( 949, 755, 828)	3	-73
( 949, 755, 828)	4	0
( 949, 755, 828)	5	14
( 949, 755, 828)	6	0
( 949, 755, 731)	0	0
( 949, 755, 731)	1	0
( 949, 755, 731)	2	-45
( 949, 755, 731)	3	-64
( 949, 755, 731)	4	0
( 949, 755, 731)	5	19
( 949, 755, 731)	6	0
( 949, 828, 731)	0	0
( 949, 828, 731)	1	0
( 949, 828, 731)	2	-43
( 949, 828, 731)	3	-75
( 949, 828, 731)	4	0
( 949, 828, 731)	5	17
( 949, 828, 731)	6	0
( 755, 828, 731)	0	0
( 755, 828, 731)	1	0
( 755, 828, 731)	2	-42
( 755, 828, 731)	3	-73
( 755, 828, 731)	4	0
( 755, 828, 731)	5	22
( 755, 828, 731)	6	0
( 857, 507, 65)	0	49
( 857, 507, 65)	1	-42
( 857, 507, 65)	2	0
( 857, 507, 65)	3	0
( 857, 507, 65)	4	20
( 857, 507, 65)	5	0
( 857, 507, 65)	6	0
( 458, 260, 883)	0	0
( 458, 260, 883)	1	-87
( 458, 260, 883)	2	0
( 458, 260, 883)	3	0
( 458, 260, 883)	4	0
( 458, 260, 883)	5	27
( 458, 260, 883)	6	35
( 458, 260, 32)	0	0
( 458, 260, 32)	1	-76
( 458, 260, 32)	2	0
( 458, 260, 32)	3	0
( 458, 260, 32)	4	0
( 458, 260, 32)	5	25
( 458, 260, 32)	6	45
( 458, 883, 32)	0	0
( 458, 883, 32)	1	-80
( 458, 883, 32)	2	0
( 458, 883, 32)	3	0
( 458, 883, 32)	4	0
( 458, 883, 32)	5	23
( 458, 883, 32)	6	48
( 260, 883, 32)	0	0
( 260, 883, 32)	1	-87
( 260, 883, 32)	2	0
( 260, 883, 32)	3	0
( 260, 883, 32)	4	0
( 260, 883, 32)	5	27
( 260, 883, 32)	6	49
( 64, 906, 979)	0	0
( 64, 906, 979)	1	0
( 64, 906, 979)	2	-40
( 64, 906, 979)	3	-50
( 64, 906, 979)	4	22
( 64, 906, 979)	5	0
( 64, 906, 979)	6	0
( 64, 906, 254)	0	0
( 64, 906, 254)	1	0
( 64, 906, 254)	2	-42
( 64, 906, 254)	3	-36
( 64, 906, 254)	4	27
( 64, 906, 254)	5	0
( 64, 906, 254)	6	0
( 64, 979, 254)	0	0
( 64, 979, 254)	1	0
( 64, 979, 254)	2	-39
( 64, 979, 254)	3	-45
( 64, 979, 254)	4	39
( 64, 979, 254)	5	0
( 64, 979, 254)	6	0
( 906, 979, 254)	0	0
( 906, 979, 254)	1	0
( 906, 979, 254)	2	-50
( 906, 979, 254)	3	-52
( 906, 979, 254)	4	23
( 906, 979, 254)	5	0
( 906, 979, 254)	6	0
( 819, 343, 318)	0	0
( 819, 343, 318)	1	-36
( 819, 343, 318)	2	0
( 819, 343, 318)	3	0
( 819, 343, 318)	4	0
( 819, 343, 318)	5	25
( 819, 343, 318)	6	0
( 91, 238, 535)	0	0
( 91, 238, 535)	1	-86
( 91, 238, 535)	2	0
( 91, 238, 535)	3	0
( 91, 238, 535)	4	0
( 91, 238, 535)	5	18
( 91, 238, 535)	6	63
( 91, 238, 904)	0	0
( 91, 238, 904)	1	-68
( 91, 238, 904)	2	0
( 91, 238, 904)	3	0
( 91, 238, 904)	4	0
( 91, 238, 904)	5	23
( 91, 238, 904)	6	61
( 91, 535, 904)	0	0
( 91, 535, 904)	1	-84
( 91, 535, 904)	2	0
( 91, 535, 904)	3	0
( 91, 535, 904)	4	0
( 91, 535, 904)	5	20
( 91, 535, 904)	6	48
( 238, 535, 904)	0	0
( 238, 535, 904)	1	-86
( 238, 535, 904)	2	0
( 238, 535, 904)	3	0
( 238, 535, 904)	4	0
( 238, 535, 904)	5	20
( 238, 535, 904)	6	68
( 352, 82, 574)	0	54
( 352, 82, 574)	1	0
( 352, 82, 574)	2	-63
( 352, 82, 574)	3	0
( 352, 82, 574)	4	21
( 352, 82, 574)	5	0
( 352, 82, 574)	6	0
( 28, 653, 117)	0	0
( 28, 653, 117)	1	0
( 28, 653, 117)	2	0
( 28, 653, 117)	3	-48
( 28, 653, 117)	4	13
( 28, 653, 117)	5	0
( 28, 653, 117)	6	58
( 2, 17, 851)	0	58
( 2, 17, 851)	1	-40
( 2, 17, 851)	2	0
( 2, 17, 851)	3	0
( 2, 17, 851)	4	22
( 2, 17, 851)	5	0
( 2, 17, 851)	6	0
( 857, 128, 57)	0	0
( 857, 128, 57)	1	-36
( 857, 128, 57)	2	0
( 857, 128, 57)	3	0
( 857, 128, 57)	4	20
( 857, 128, 57)	5	37
( 857, 128, 57)	6	0
( 857, 128, 977)	0	0
( 857, 128, 977)	1	-29
( 857, 128, 977)	2	0
( 857, 128, 977)	3	0
( 857, 128, 977)	4	17
( 857, 128, 977)	5	33
( 857, 128, 977)	6	0
( 857, 57, 977)	0	0
( 857, 57, 977)	1	-45
( 857, 57, 977)	2	0
( 857, 57, 977)	3	0
( 857, 57, 977)	4	21
( 857, 57, 977)	5	39
( 857, 57, 977)	6	0
( 128, 57, 977)	0	0
( 128, 57, 977)	1	-37
( 128, 57, 977)	2	0
( 128, 57, 977)	3	0
( 128, 57, 977)	4	23
( 128, 57, 977)	5	35
( 128, 57, 977)	6	0
( 220, 566, 497)	0	0
( 220, 566, 497)	1	0
( 220, 566, 497)	2	-34
( 220, 566, 497)	3	0
( 220, 566, 497)	4	14
( 220, 566, 497)	5	0
( 220, 566, 497)	6	31
( 971, 359, 499)	0	62
( 971, 359, 499)	1	-45
( 971, 359, 499)	2	0
( 971, 359, 499)	3	-35
( 971, 359, 499)	4	0
( 971, 359, 499)	5	0
( 971, 359, 499)	6	0
( 242, 995, 963)	0	0
( 242, 995, 963)	1	-90
( 242, 995, 963)	2	-39
( 242, 995, 963)	3	0
( 242, 995, 963)	4	0
( 242, 995, 963)	5	16
( 242, 995, 963)	6	41
( 242, 995, 771)	0	0
( 242, 995, 771)	1	-101
( 242, 995, 771)	2	-29
( 242, 995, 771)	3	0
( 242, 995, 771)	4	0
( 242, 995, 771)	5	8
( 242, 995, 771)	6	56
( 242, 995, 943)	0	0
( 242, 995, 943)	1	-83
( 242, 995, 943)	2	-29
( 242, 995, 943)	3	0
( 242, 995, 943)	4	0
( 242, 995, 943)	5	9
( 242, 995, 943)	6	35
( 242, 963, 771)	0	0
( 242, 963, 771)	1	-103
( 242, 963, 771)	2	-37
( 242, 963, 771)	3	0
( 242, 963, 771)	4	0
( 242, 963, 771)	5	14
( 242, 963, 771)	6	54
( 242, 963, 943)	0	0
( 242, 963, 943)	1	-85
( 242, 963, 943)	2	-37
( 242, 963, 943)	3	0
( 242, 963, 943)	4	0
( 242, 963, 943)	5	15
( 242, 963, 943)	6	33
( 242, 771, 943)	0	0
( 242, 771, 943)	1	-96
( 242, 771, 943)	2	-27
( 242, 771, 943)	3	0
( 242, 771, 943)	4	0
( 242, 771, 943)	5	7
( 242, 771, 943)	6	48
( 995, 963, 771)	0	0
( 995, 963, 771)	1	-87
( 995, 963, 771)	2	-42
( 995, 963, 771)	3	0
( 995, 963, 771)	4	0
( 995, 963, 771)	5	13
( 995, 963, 771)	6	68
( 995, 963, 943)	0	0
( 995, 963, 943)	1	-69
( 995, 963, 943)	2	-42
( 995, 963, 943)	3	0
( 995, 963, 943)	4	0
( 995, 963, 943)	5	14
( 995, 963, 943)	6	47
( 995, 771, 943)	0	0
( 995, 771, 943)	1	-80
( 995, 771, 943)	2	-32
( 995, 771, 943)	3	0
( 995, 771, 943)	4	0
( 995, 771, 943)	5	6
( 995, 771, 943)	6	62
( 963, 771, 943)	0	0
( 963, 771, 943)	1	-82
( 963, 771, 943)	2	-40
( 963, 771, 943)	3	0
( 963, 771, 943)	4	0
( 963, 771, 943)	5	12
( 963, 771, 943)	6	60
( 315, 721, 432)	0	105
( 315, 721, 432)	1	0
( 315, 721, 432)	2	-47
( 315, 721, 432)	3	0
( 315, 721, 432)	4	24
( 315, 721, 432)	5	0
( 315, 721, 432)	6	0
( 315, 721, 184)	0	124
( 315, 721, 184)	1	0
( 315, 721, 184)	2	-38
( 315, 721, 184)	3	0
( 315, 721, 184)	4	36
( 315, 721, 184)	5	0
( 315, 721, 184)	6	0
( 315, 432, 184)	0	137
( 315, 432, 184)	1	0
( 315, 432, 184)	2	-30
( 315, 432, 184)	3	0
( 315, 432, 184)	4	31
( 315, 432, 184)	5	0
( 315, 432, 184)	6	0
( 721, 432, 184)	0	138
( 721, 432, 184)	1	0
( 721, 432, 184)	2	-44
( 721, 432, 184)	3	0
( 721, 432, 184)	4	32
( 721, 432, 184)	5	0
( 721, 432, 184)	6	0
( 264, 818, 688)	0	0
( 264, 818, 688)	1	-88
( 264, 818, 688)	2	0
( 264, 818, 688)	3	-18
( 264, 818, 688)	4	0
( 264, 818, 688)	5	0
( 264, 818, 688)	6	0
( 705, 226, 478)	0	106
( 705, 226, 478)	1	0
( 705, 226, 478)	2	0
( 705, 226, 478)	3	0
( 705, 226, 478)	4	0
( 705, 226, 478)	5	0
( 705, 226, 478)	6	45
